{
  "region": [
    0.2764725685119629,
    0.11964249610900879,
    0.11962413787841797,
    0.23553895950317383,
    0.11598992347717285,
    0.09809374809265137,
    0.24176311492919922,
    0.1341545581817627,
    0.25168323516845703,
    0.19453167915344238,
    0.12212109565734863,
    0.23037385940551758,
    0.2042834758758545,
    0.15921735763549805,
    0.22426152229309082,
    0.3007988929748535,
    0.3663811683654785
  ],
  "move": [
    0.0024635791778564453,
    0.00041747093200683594,
    0.0003714561462402344,
    0.00036144256591796875,
    0.00036525726318359375,
    0.00035953521728515625,
    0.0003516674041748047,
    0.0003960132598876953,
    0.0003509521484375,
    0.0003674030303955078,
    0.00037217140197753906,
    0.0003533363342285156,
    0.00038623809814453125,
    0.00038504600524902344,
    0.0003409385681152344,
    0.00038170814514160156,
    0.0003800392150878906,
    0.000339508056640625
  ]
}